INSERT INTO BOOK_ENTITY (ID, AUTHOR, EDITOR, LANGUAGE, NAME, RELEASE_DATE)
VALUES ('7b0d2d88-2aab-4bfc-a30b-7aac82634ba4', 'J. R. R. Tolkien', 'Allen & Unwin', 'English', 'The Lord of the Rings', '1954-07-29');
INSERT INTO BOOK_ENTITY_CHARACTERS (BOOK_ENTITY_ID, CHARACTERS) VALUES ('7b0d2d88-2aab-4bfc-a30b-7aac82634ba4', 'Gandalf');
INSERT INTO BOOK_ENTITY_CHARACTERS (BOOK_ENTITY_ID, CHARACTERS) VALUES ('7b0d2d88-2aab-4bfc-a30b-7aac82634ba4', 'Aragorn');
INSERT INTO BOOK_ENTITY_CHARACTERS (BOOK_ENTITY_ID, CHARACTERS) VALUES ('7b0d2d88-2aab-4bfc-a30b-7aac82634ba4', 'Gollum');
INSERT INTO BOOK_ENTITY_CHARACTERS (BOOK_ENTITY_ID, CHARACTERS) VALUES ('7b0d2d88-2aab-4bfc-a30b-7aac82634ba4', 'Frodo Baggins');
INSERT INTO BOOK_ENTITY_CHARACTERS (BOOK_ENTITY_ID, CHARACTERS) VALUES ('7b0d2d88-2aab-4bfc-a30b-7aac82634ba4', 'Legolas');
INSERT INTO BOOK_ENTITY_GENRES (BOOK_ENTITY_ID, GENRES) VALUES ('7b0d2d88-2aab-4bfc-a30b-7aac82634ba4', 'Adventure');
INSERT INTO BOOK_ENTITY_GENRES (BOOK_ENTITY_ID, GENRES) VALUES ('7b0d2d88-2aab-4bfc-a30b-7aac82634ba4', 'Fantasy');

INSERT INTO BOOK_ENTITY (ID, AUTHOR, EDITOR, LANGUAGE, NAME, RELEASE_DATE)
VALUES ('8467f9b4-a198-413a-b24e-409c0cfec33e', 'Oliver Bowden & Christie Golden & Matthew Kirby & Gordon Doherty', 'Penguin Books', 'English', 'Assassins Creed - Renaissance', '2009-11-20');
INSERT INTO BOOK_ENTITY_CHARACTERS (BOOK_ENTITY_ID, CHARACTERS) VALUES ('8467f9b4-a198-413a-b24e-409c0cfec33e', 'Giovanni Auditore');
INSERT INTO BOOK_ENTITY_CHARACTERS (BOOK_ENTITY_ID, CHARACTERS) VALUES ('8467f9b4-a198-413a-b24e-409c0cfec33e', 'Maria Auditore');
INSERT INTO BOOK_ENTITY_CHARACTERS (BOOK_ENTITY_ID, CHARACTERS) VALUES ('8467f9b4-a198-413a-b24e-409c0cfec33e', 'Federico Auditore');
INSERT INTO BOOK_ENTITY_CHARACTERS (BOOK_ENTITY_ID, CHARACTERS) VALUES ('8467f9b4-a198-413a-b24e-409c0cfec33e', 'Petruccio Auditore');
INSERT INTO BOOK_ENTITY_CHARACTERS (BOOK_ENTITY_ID, CHARACTERS) VALUES ('8467f9b4-a198-413a-b24e-409c0cfec33e', 'Claudia Auditore');
INSERT INTO BOOK_ENTITY_CHARACTERS (BOOK_ENTITY_ID, CHARACTERS) VALUES ('8467f9b4-a198-413a-b24e-409c0cfec33e', 'Mario Auditore');
INSERT INTO BOOK_ENTITY_CHARACTERS (BOOK_ENTITY_ID, CHARACTERS) VALUES ('8467f9b4-a198-413a-b24e-409c0cfec33e', 'Cristina Calfucci');
INSERT INTO BOOK_ENTITY_CHARACTERS (BOOK_ENTITY_ID, CHARACTERS) VALUES ('8467f9b4-a198-413a-b24e-409c0cfec33e', 'Ezio Auditore');
INSERT INTO BOOK_ENTITY_GENRES (BOOK_ENTITY_ID, GENRES) VALUES ('8467f9b4-a198-413a-b24e-409c0cfec33e', 'Historical Fiction');
INSERT INTO BOOK_ENTITY_GENRES (BOOK_ENTITY_ID, GENRES) VALUES ('8467f9b4-a198-413a-b24e-409c0cfec33e', 'Fantasy');